整租·银谷美泉家园2室2厅南/北 124.00㎡ 南北 2室2厅2卫,朝阳朝青银谷美泉家园
整租·泛海世家西府5室2厅东/南/北 466.00㎡ 东南北 5室2厅4卫,朝阳朝阳公园泛海世家西府
整租·双榆树北路2室1厅南/北 58.00㎡ 南北 2室1厅1卫,海淀双榆树双榆树北路
整租·八角北里3室1厅南/北 68.00㎡ 南北 3室1厅1卫,石景山八角八角北里
整租·东升园2室1厅东/西 68.00㎡ 东西 2室1厅1卫,海淀五道口东升园
整租·合景领峰10号院5房间北 140.00㎡ 北 5房间2卫,房山长阳合景领峰10号院
整租·富力城D区1室1厅北 71.76㎡ 北 1室1厅1卫,朝阳双井富力城D区
整租·汇欣公寓3室2厅东/南 223.76㎡ 东南 3室2厅3卫,朝阳亚运村汇欣公寓
整租·尚东庭3室2厅南/北 200.00㎡ 南北 3室2厅3卫,通州潞苑尚东庭
整租·银河湾2室1厅南/北 121.43㎡ 南北 2室1厅1卫,朝阳酒仙桥银河湾
整租·保利中央公园4室2厅南/北 168.00㎡ 南北 4室2厅3卫,朝阳望京保利中央公园
整租·十一教工楼3室1厅南/北 70.00㎡ 南北 3室1厅1卫,海淀玉泉路十一教工楼
整租·汇欣公寓2室2厅南 173.50㎡ 南 2室2厅2卫,朝阳亚运村汇欣公寓
整租·首开铂郡12号院3室2厅南/西/北 210.08㎡ 南西北 3室2厅2卫,朝阳三里屯首开铂郡12号院
整租·十一教工楼3室1厅南/北 68.00㎡ 南北 3室1厅1卫,海淀玉泉路十一教工楼
整租·乐成豪丽1室1厅东 68.00㎡ 东 1室1厅1卫,朝阳大望路乐成豪丽
整租·首城国际C区4室2厅南/北 188.00㎡ 南北 4室2厅3卫,朝阳双井首城国际C区
整租·万柳园小区1室1厅南/北 45.00㎡ 南北 1室1厅1卫,丰台玉泉营万柳园小区
整租·十一教工楼1室1厅南 45.00㎡ 南 1室1厅1卫,海淀玉泉路十一教工楼
整租·铂宫国际中心3室1厅南/北 322.33㎡ 南北 3室1厅2卫,朝阳东大桥铂宫国际中心
整租·富力城D区3室2厅南/北 171.00㎡ 南北 3室2厅2卫,朝阳双井富力城D区
整租·长银大厦1室0厅西 110.48㎡ 西 1室0厅0卫,海淀五棵松长银大厦
整租·北京城建海梓府2室2厅南/北 173.00㎡ 南北 2室2厅2卫,大兴亦庄开发区其它北京城建海梓府
整租·金茂府东区2房间西南 85.00㎡ 西南 2房间1卫,朝阳大望路金茂府东区
整租·清澄名苑北区3室2厅南 140.00㎡ 南 3室2厅1卫,大兴黄村中清澄名苑北区
整租·双榆树东里2室1厅南 59.50㎡ 南 2室1厅1卫,海淀双榆树双榆树东里
整租·东兴二区2室1厅南/北 73.65㎡ 南北 2室1厅1卫,顺义顺义城东兴二区
整租·中海城圣朝菲2室1厅西 100.09㎡ 西 2室1厅1卫,朝阳成寿寺中海城圣朝菲
整租·碧水云天3室2厅西南 137.34㎡ 西南 3室2厅2卫,海淀万柳碧水云天
整租·后现代城A区1室0厅北 51.00㎡ 北 1室0厅1卫,朝阳大望路后现代城A区
整租·团结湖北口2室1厅南/北 64.00㎡ 南北 2室1厅1卫,朝阳团结湖团结湖北口
整租·富锦嘉园一区2室1厅南/北 88.00㎡ 南北 2室1厅1卫,丰台科技园区富锦嘉园一区
整租·交大嘉园3室1厅西南 108.00㎡ 西南 3室1厅1卫,海淀西直门交大嘉园
整租·大成时代公馆1房间西 75.00㎡ 西 1房间1卫,丰台岳各庄大成时代公馆
整租·国美第一城2号院4室2厅复式东 191.35㎡ 东 4室2厅2卫,朝阳朝青国美第一城2号院
整租·瑞悦府4室2厅南/北 317.00㎡ 南北 4室2厅3卫,朝阳中央别墅区瑞悦府
整租·毛纺厂南小区2室1厅南 56.30㎡ 南 2室1厅1卫,海淀清河毛纺厂南小区
整租·后现代城D区1室0厅北 57.00㎡ 北 1室0厅1卫,朝阳大望路后现代城D区
整租·南平里2室1厅南/北 58.19㎡ 南北 2室1厅1卫,朝阳首都机场南平里
整租·糖人街2室1厅西南 78.44㎡ 西南 2室1厅1卫,丰台太平桥糖人街
整租·林肯公园B区5房间东北 149.00㎡ 东北 5房间2卫,亦庄开发区亦庄林肯公园B区
整租·亲爱的villa6室3厅南/北 330.00㎡ 南北 6室3厅5卫,亦庄开发区亦庄亲爱的villa
整租·建邦华府2室1厅南/北 104.57㎡ 南北 2室1厅2卫,丰台刘家窑建邦华府
整租·北方明珠1室0厅东北 114.00㎡ 东北 1室0厅1卫,昌平立水桥北方明珠
整租·东四八条2室1厅西 30.70㎡ 西 2室1厅1卫,东城东四东四八条
整租·丽水嘉园2室2厅西 89.00㎡ 西 2室2厅1卫,朝阳朝阳公园丽水嘉园
整租·清和园2室1厅南/北 80.17㎡ 南北 2室1厅1卫,大兴旧宫清和园
整租·中关村东大院2室1厅南/北 60.30㎡ 南北 2室1厅1卫,海淀中关村中关村东大院
整租·阳光都市1室1厅东 86.47㎡ 东 1室1厅1卫,东城工体阳光都市
整租·长阳半岛4号院3室1厅南/北 96.00㎡ 南北 3室1厅1卫,房山长阳长阳半岛4号院
整租·太利花园5室2厅复式东/南/西/北 333.00㎡ 东南西北 5室2厅3卫,朝阳中央别墅区太利花园
整租·宾阳北里2室1厅南/北 64.27㎡ 南北 2室1厅1卫,密云鼓楼街道宾阳北里
整租·首开国风美唐综合楼1房间西 60.39㎡ 西 1房间1卫,昌平回龙观首开国风美唐综合楼
整租·新裕家园1室0厅南 57.00㎡ 南 1室0厅1卫,东城崇文门新裕家园
整租·甘家口小区3室1厅南/北 69.00㎡ 南北 3室1厅1卫,海淀甘家口甘家口小区
整租·绿地启航社2房间东 53.37㎡ 东 2房间1卫,房山长阳绿地启航社
整租·江山赋3房间北 105.00㎡ 北 3房间1卫,顺义后沙峪江山赋
整租·青云大厦2房间南 149.53㎡ 南 2房间1卫,海淀双榆树青云大厦
整租·五矿名品4室2厅南/北 140.80㎡ 南北 4室2厅2卫,房山长阳五矿名品
整租·褐石4室2厅南/北 200.00㎡ 南北 4室2厅2卫,海淀五道口褐石
整租·兴都苑3室2厅南/北 124.00㎡ 南北 3室2厅2卫,大兴西红门兴都苑
整租·CLASS3室2厅南/北 180.00㎡ 南北 3室2厅2卫,朝阳望京CLASS
整租·荣丰20081室1厅北 28.00㎡ 北 1室1厅1卫,西城广安门荣丰2008
整租·皂君东里1室1厅东 36.00㎡ 东 1室1厅1卫,海淀皂君庙皂君东里
整租·旗舰凯旋二三期3室1厅南/北 130.00㎡ 南北 3室1厅2卫,通州九棵树(家乐福)旗舰凯旋二三期
整租·保利嘉园三号院2室1厅西南 88.00㎡ 西南 2室1厅1卫,朝阳常营保利嘉园三号院
整租·广安门外南街2室1厅南/北 58.00㎡ 南北 2室1厅1卫,西城天宁寺广安门外南街
整租·远见名苑1室1厅北 55.00㎡ 北 1室1厅1卫,西城广安门远见名苑
整租·鼎恒中心2室2厅东/北 131.62㎡ 东北 2室2厅1卫,丰台七里庄鼎恒中心
整租·清缘东里2室1厅南 87.46㎡ 南 2室1厅1卫,海淀清河清缘东里
整租·裕中西里2室1厅西北/北 71.20㎡ 西北北 2室1厅1卫,西城马甸裕中西里
整租·荟康苑2室1厅南/北 66.44㎡ 南北 2室1厅1卫,朝阳常营荟康苑
整租·炫特嘉园三期1室1厅南/北 68.87㎡ 南北 1室1厅1卫,朝阳石佛营炫特嘉园三期
整租·合生世界花园2房间西 55.83㎡ 西 2房间1卫,通州马驹桥合生世界花园
整租·垡头西里一区2室1厅南 55.33㎡ 南 2室1厅1卫,朝阳垡头垡头西里一区
整租·瑞都公园世家南区1室1厅南 85.97㎡ 南 1室1厅1卫,通州临河里瑞都公园世家南区
整租·天溪园4室2厅南/北 220.00㎡ 南北 4室2厅3卫,朝阳奥林匹克公园天溪园
整租·云趣园二区2室2厅南/北 95.00㎡ 南北 2室2厅1卫,昌平回龙观云趣园二区
整租·友谊社区1室1厅南 40.00㎡ 南 1室1厅1卫,海淀苏州桥友谊社区
整租·木樨地2室0厅南/西北 69.30㎡ 南西北 2室0厅1卫,西城木樨地木樨地
整租·中海苏黎世家3室1厅南/北 101.00㎡ 南北 3室1厅2卫,丰台科技园区中海苏黎世家
整租·珺悦国际4房间西南 132.00㎡ 西南 4房间2卫,大兴天宫院珺悦国际
整租·潘家园小区2室1厅南/北 72.99㎡ 南北 2室1厅1卫,朝阳潘家园潘家园小区
整租·北纬40度一期2室1厅南 87.60㎡ 南 2室1厅2卫,朝阳望京北纬40度一期
整租·褐石3室2厅南/北 138.00㎡ 南北 3室2厅2卫,海淀五道口褐石
整租·鼓楼外大街1、3号楼2室1厅东南/北 65.00㎡ 东南北 2室1厅1卫,朝阳马甸鼓楼外大街1、3号楼
整租·城子大街96号院2室1厅东/西 70.00㎡ 东西 2室1厅1卫,门头沟城子城子大街96号院
整租·大成时代中心1室1厅西/北 77.00㎡ 西北 1室1厅1卫,丰台岳各庄大成时代中心
整租·龙禧苑一区3室1厅南/北 104.74㎡ 南北 3室1厅1卫,昌平回龙观龙禧苑一区
整租·丰汇园小区2室1厅西 59.40㎡ 西 2室1厅1卫,西城金融街丰汇园小区
整租·塔院小区3室1厅南/西/北 80.00㎡ 南西北 3室1厅1卫,海淀牡丹园塔院小区
整租·汇新家园2室1厅西南 86.00㎡ 西南 2室1厅1卫,海淀万柳汇新家园
整租·新华联家园北区2室1厅南/北 102.00㎡ 南北 2室1厅2卫,通州果园新华联家园北区
整租·崇文门西大街2室1厅南/北 50.05㎡ 南北 2室1厅1卫,东城崇文门崇文门西大街
整租·光熙家园一期2室1厅西北 95.66㎡ 西北 2室1厅1卫,朝阳西坝河光熙家园一期
整租·北京邮电大学2室2厅南/北 82.00㎡ 南北 2室2厅1卫,海淀小西天北京邮电大学
整租·贵园南里丁区2室1厅南/北 59.99㎡ 南北 2室1厅1卫,亦庄开发区亦庄贵园南里丁区
整租·天畅园2室1厅东 88.84㎡ 东 2室1厅1卫,朝阳奥林匹克公园天畅园
整租·金唐国际2室1厅西南 89.00㎡ 西南 2室1厅1卫,丰台太平桥金唐国际
整租·林肯公园C区3房间西北 96.00㎡ 西北 3房间2卫,亦庄开发区亦庄林肯公园C区
整租·甘露园南里2室1厅东南/南 69.53㎡ 东南南 2室1厅1卫,朝阳甘露园甘露园南里
整租·科育小区2室1厅南/北 67.00㎡ 南北 2室1厅1卫,海淀中关村科育小区
整租·劲松七区2室1厅南 55.00㎡ 南 2室1厅1卫,朝阳潘家园劲松七区
整租·景馨家园2室1厅东/南 97.63㎡ 东南 2室1厅1卫,通州玉桥景馨家园
整租·沿海赛洛城五期2室1厅南/北 102.00㎡ 南北 2室1厅2卫,朝阳百子湾沿海赛洛城五期
整租·流星花园三区2室1厅南/西 100.00㎡ 南西 2室1厅1卫,昌平回龙观流星花园三区
整租·中国昊华6房间西北 157.00㎡ 西北 6房间1卫,朝阳亚运村小营中国昊华
整租·东领鉴筑3房间南 90.00㎡ 南 3房间1卫,朝阳定福庄东领鉴筑
整租·南郎家园2室1厅南/北 54.62㎡ 南北 2室1厅1卫,朝阳CBD南郎家园
整租·青秀雅苑1室1厅南 68.00㎡ 南 1室1厅1卫,丰台玉泉营青秀雅苑
整租·东王庄2室1厅东/东南/西 65.20㎡ 东东南西 2室1厅1卫,海淀五道口东王庄
整租·远洋万和公馆3室3厅南/北 256.00㎡ 南北 3室3厅4卫,朝阳望京远洋万和公馆
整租·羊坊店路3号院1室0厅东 39.00㎡ 东 1室0厅1卫,海淀军博羊坊店路3号院
整租·温泉花园B区2室1厅南/北 82.00㎡ 南北 2室1厅1卫,昌平北七家温泉花园B区
整租·金域华府二期2室1厅南 83.00㎡ 南 2室1厅1卫,昌平回龙观金域华府二期
整租·水上华城3室2厅西南 147.16㎡ 西南 3室2厅2卫,东城广渠门水上华城
整租·地质附中3室1厅南/北 71.00㎡ 南北 3室1厅1卫,海淀五道口地质附中
整租·长阳半岛怡和路3号院4室2厅南/北 142.00㎡ 南北 4室2厅2卫,房山长阳长阳半岛怡和路3号院
整租·金地格林小镇3室2厅南/北 160.00㎡ 南北 3室2厅2卫,亦庄开发区亦庄金地格林小镇
整租·金沟河5号院1室1厅南 42.50㎡ 南 1室1厅1卫,海淀五棵松金沟河5号院
整租·玉桥南里11号2室1厅南/北 68.30㎡ 南北 2室1厅1卫,通州玉桥玉桥南里11号
整租·西湖新村3室2厅南/北 148.00㎡ 南北 3室2厅2卫,昌平北七家西湖新村
整租·龙泽苑东区1室1厅北 51.00㎡ 北 1室1厅1卫,昌平回龙观龙泽苑东区
整租·龙湖花盛香醍4室2厅南/北 219.00㎡ 南北 4室2厅3卫,通州九棵树(家乐福)龙湖花盛香醍
整租·翠微路16号院1室1厅南 46.00㎡ 南 1室1厅1卫,海淀公主坟翠微路16号院
整租·孛旺花园1室0厅南 55.00㎡ 南 1室0厅1卫,朝阳垡头孛旺花园
整租·三源里南小街2室1厅东南 60.00㎡ 东南 2室1厅1卫,朝阳亮马桥三源里南小街
整租·机械研究院东区1室1厅南 39.89㎡ 南 1室1厅1卫,海淀甘家口机械研究院东区
整租·圆明园花园别墅4室2厅南/北 140.43㎡ 南北 4室2厅2卫,海淀马连洼圆明园花园别墅
整租·融泽嘉园中路1号院2室1厅南/北 98.00㎡ 南北 2室1厅1卫,昌平回龙观融泽嘉园中路1号院
整租·慈云寺2室1厅南/北 56.79㎡ 南北 2室1厅1卫,朝阳红庙慈云寺
整租·静淑东里2室1厅南/北 100.00㎡ 南北 2室1厅1卫,海淀学院路静淑东里
整租·清水园二期4室2厅东/西 163.00㎡ 东西 4室2厅2卫,昌平立水桥清水园二期
整租·巴克摩界2室0厅北 65.00㎡ 北 2室0厅2卫,通州果园巴克摩界
整租·南湖渠西里2室1厅东/北/东北 50.00㎡ 东北东北 2室1厅1卫,朝阳望京南湖渠西里
整租·银领国际3室1厅南/西 163.00㎡ 南西 3室1厅2卫,朝阳望京银领国际
整租·贵园东里2室1厅南/北 90.00㎡ 南北 2室1厅1卫,亦庄开发区亦庄贵园东里
整租·果园西里2室2厅南 91.81㎡ 南 2室2厅1卫,密云果园街道果园西里
整租·新天第2室1厅南 135.00㎡ 南 2室1厅2卫,朝阳国展新天第
整租·明天第一城7号院2房间东南 72.62㎡ 东南 2房间1卫,朝阳立水桥明天第一城7号院
整租·保利首开四季怡园3室1厅南 89.00㎡ 南 3室1厅1卫,门头沟冯村保利首开四季怡园
整租·玲珑天地2房间南 87.00㎡ 南 2房间1卫,海淀定慧寺玲珑天地
整租·万恒家园3室2厅南/北 116.00㎡ 南北 3室2厅2卫,丰台青塔万恒家园
整租·翠成馨园A区2室1厅南 97.64㎡ 南 2室1厅1卫,朝阳垡头翠成馨园A区
整租·晓月新苑2室1厅西北 92.00㎡ 西北 2室1厅1卫,丰台卢沟桥晓月新苑
整租·光大花园1室1厅南 78.79㎡ 南 1室1厅1卫,海淀万柳光大花园
整租·观音寺小区2室1厅南/北 68.79㎡ 南北 2室1厅1卫,大兴观音寺观音寺小区
整租·荟康苑1室1厅南/北 50.00㎡ 南北 1室1厅1卫,朝阳常营荟康苑
整租·阜北小区3室1厅南/北 71.00㎡ 南北 3室1厅1卫,海淀甘家口阜北小区
整租·逸成东苑2室1厅南/北 76.00㎡ 南北 2室1厅1卫,海淀学院路逸成东苑
整租·风景线2室1厅南 130.97㎡ 南 2室1厅2卫,朝阳酒仙桥风景线
整租·阜成门南大街4室1厅东/西 101.80㎡ 东西 4室1厅2卫,西城月坛阜成门南大街
整租·会展誉景2房间西 71.85㎡ 西 2房间1卫,顺义中央别墅区会展誉景
整租·夏都盈座3室2厅东南 135.00㎡ 东南 3室2厅1卫,朝阳望京夏都盈座
整租·新兴年代3室2厅南/北 136.68㎡ 南北 3室2厅2卫,海淀五棵松新兴年代
整租·空港雅苑1号院2室1厅南 80.00㎡ 南 2室1厅1卫,大兴大兴机场空港空港雅苑1号院
整租·大西洋新城G区2室1厅西 93.00㎡ 西 2室1厅1卫,朝阳望京大西洋新城G区
整租·上海建筑2室1厅南/北 87.00㎡ 南北 2室1厅1卫,丰台大红门上海建筑
整租·北京新天地一期1室1厅东北 65.01㎡ 东北 1室1厅1卫,朝阳常营北京新天地一期
整租·保利大都汇1室1厅西北 51.83㎡ 西北 1室1厅1卫,通州万达保利大都汇
整租·朝阳园3室2厅西南 144.12㎡ 西南 3室2厅2卫,朝阳朝青朝阳园
整租·鸿坤七星长安2房间南 50.00㎡ 南 2房间1卫,门头沟滨河西区鸿坤七星长安
整租·兴海家园星苑2室1厅南/北 84.18㎡ 南北 2室1厅1卫,大兴西红门兴海家园星苑
整租·南海家园二里2室1厅南/北 90.00㎡ 南北 2室1厅1卫,大兴亦庄开发区其它南海家园二里
整租·南平里2室1厅东/南/北 58.00㎡ 东南北 2室1厅1卫,朝阳首都机场南平里
整租·官苑8号3室2厅南/北 151.30㎡ 南北 3室2厅2卫,西城官园官苑8号
整租·宝盛里2室1厅南/北 78.00㎡ 南北 2室1厅1卫,海淀清河宝盛里
整租·嘉特美公馆2房间北 36.51㎡ 北 2房间1卫,丰台北京南站嘉特美公馆
整租·橙色年代1室1厅西 71.00㎡ 西 1室1厅1卫,海淀六里桥橙色年代
整租·水郡长安5室2厅南/北 306.00㎡ 南北 5室2厅4卫,朝阳双桥水郡长安
整租·后芳嘉园胡同1室1厅南/北 51.25㎡ 南北 1室1厅1卫,东城朝阳门内后芳嘉园胡同
整租·盛德紫阙1室0厅西 68.62㎡ 西 1室0厅1卫,东城和平里盛德紫阙
整租·延静里中街2室1厅南/北 57.48㎡ 南北 2室1厅1卫,朝阳红庙延静里中街
整租·老山西里2室1厅南/北 50.00㎡ 南北 2室1厅1卫,石景山老山老山西里
整租·龙湖双珑原著4室2厅复式南/北 317.56㎡ 南北 4室2厅4卫,朝阳中央别墅区龙湖双珑原著
整租·金科廊桥水岸2室1厅南/北 92.00㎡ 南北 2室1厅1卫,昌平南邵金科廊桥水岸
整租·核桃园北里2室1厅西/北 58.00㎡ 西北 2室1厅1卫,朝阳东大桥核桃园北里
整租·华威北里2室2厅西南 102.00㎡ 西南 2室2厅1卫,朝阳潘家园华威北里
整租·智慧大厦1室1厅南 42.00㎡ 南 1室1厅1卫,海淀小西天智慧大厦
整租·富力城D区2室2厅南 108.00㎡ 南 2室2厅2卫,朝阳双井富力城D区
整租·国美第一城2号院3室1厅南/北 139.00㎡ 南北 3室1厅2卫,朝阳朝青国美第一城2号院
整租·马连洼北路1号院1室1厅南 44.40㎡ 南 1室1厅1卫,海淀上地马连洼北路1号院
整租·牛街西里2室1厅西南 76.00㎡ 西南 2室1厅1卫,西城牛街牛街西里
整租·砖角楼南里2室1厅南 55.00㎡ 南 2室1厅1卫,朝阳和平里砖角楼南里
整租·北京城建琨廷漫缇3室1厅南/北 114.83㎡ 南北 3室1厅2卫,房山窦店北京城建琨廷漫缇
整租·润杰经典创新园2室1厅南/北 103.00㎡ 南北 2室1厅1卫,昌平鼓楼大街润杰经典创新园
整租·马甸南村2室1厅南 60.00㎡ 南 2室1厅1卫,西城马甸马甸南村
整租·芍药居北里2室1厅南 88.00㎡ 南 2室1厅1卫,朝阳芍药居芍药居北里
整租·长阳国际城二区2室1厅南 81.00㎡ 南 2室1厅1卫,房山长阳长阳国际城二区
整租·世茂宫园3室1厅南/西 220.90㎡ 南西 3室1厅2卫,朝阳东大桥世茂宫园
整租·五道口嘉园3室2厅南/西 125.00㎡ 南西 3室2厅2卫,海淀五道口五道口嘉园
整租·怡馨家园1室1厅南 57.00㎡ 南 1室1厅1卫,顺义顺义城怡馨家园
整租·西马庄园3室1厅南/北 91.00㎡ 南北 3室1厅1卫,通州通州北苑西马庄园
整租·管庄东里2室1厅南/北 61.00㎡ 南北 2室1厅1卫,朝阳管庄管庄东里
整租·西山公馆1室1厅西 69.40㎡ 西 1室1厅1卫,海淀西北旺西山公馆
整租·空港华苑1号院2室1厅南 89.81㎡ 南 2室1厅1卫,大兴大兴机场空港空港华苑1号院
整租·望京花园西区2室1厅南/西/北 81.00㎡ 南西北 2室1厅1卫,朝阳望京望京花园西区
整租·金地名京2室1厅东南 87.09㎡ 东南 2室1厅1卫,朝阳四惠金地名京
整租·建设部大院1室1厅西 39.79㎡ 西 1室1厅1卫,海淀甘家口建设部大院
整租·金隅自由筑2房间西 52.34㎡ 西 2房间1卫,通州临河里金隅自由筑
整租·紫金新干线3室2厅南/北 133.00㎡ 南北 3室2厅2卫,昌平霍营紫金新干线
整租·苇子坑1号院2室1厅西 55.21㎡ 西 2室1厅1卫,丰台成寿寺苇子坑1号院
整租·南湖中园二区2室1厅南/北 66.66㎡ 南北 2室1厅1卫,朝阳望京南湖中园二区
整租·南竺园2室1厅西/北 72.00㎡ 西北 2室1厅1卫,顺义首都机场南竺园
整租·国美第一城2号院2室1厅南/北 97.31㎡ 南北 2室1厅2卫,朝阳朝青国美第一城2号院
整租·芍药居2室1厅南/北 75.70㎡ 南北 2室1厅1卫,朝阳芍药居芍药居
整租·南平里2室1厅南/北 58.75㎡ 南北 2室1厅1卫,朝阳首都机场南平里
整租·天通苑六区2室1厅南/北 93.06㎡ 南北 2室1厅1卫,昌平天通苑天通苑六区
整租·金域华府一期3室1厅南/北 90.00㎡ 南北 3室1厅1卫,昌平回龙观金域华府一期
整租·流星花园三区3室1厅南/北 110.00㎡ 南北 3室1厅1卫,昌平回龙观流星花园三区
整租·水郡长安2室1厅复式北 112.00㎡ 北 2室1厅2卫,朝阳双桥水郡长安
整租·金地名京3室2厅南/北 84.28㎡ 南北 3室2厅2卫,朝阳四惠金地名京
整租·青龙胡同1室1厅南/北 45.16㎡ 南北 1室1厅1卫,东城东直门青龙胡同
整租·翡翠城五期3室2厅南/北 149.50㎡ 南北 3室2厅2卫,大兴高米店翡翠城五期
整租·FCC中央城2房间东 40.00㎡ 东 2房间2卫,房山长阳FCC中央城
整租·半岛国际公寓1室1厅北 47.37㎡ 北 1室1厅1卫,朝阳太阳宫半岛国际公寓
整租·东亚首航国际2房间南/北 58.27㎡ 南北 2房间1卫,顺义顺义其它东亚首航国际
整租·志新村2室1厅东南 62.90㎡ 东南 2室1厅1卫,海淀二里庄志新村
整租·厂洼西街10号院2室1厅南 94.80㎡ 南 2室1厅1卫,海淀厂洼厂洼西街10号院
整租·阳光丽景1室1厅北 68.00㎡ 北 1室1厅1卫,西城马甸阳光丽景
整租·嘉美风尚中心3室2厅东南 147.00㎡ 东南 3室2厅2卫,朝阳望京嘉美风尚中心
整租·李村南里3室1厅南 73.00㎡ 南 3室1厅1卫,东城永定门李村南里
整租·清澄名苑北区2室1厅西 94.00㎡ 西 2室1厅1卫,大兴黄村中清澄名苑北区
整租·东亚奥北中心北区3房间东 90.00㎡ 东 3房间1卫,昌平天通苑东亚奥北中心北区
整租·誉天下4室2厅南/北 272.00㎡ 南北 4室2厅3卫,顺义中央别墅区誉天下
整租·红松园北里甲1号院3室1厅南/北 77.13㎡ 南北 3室1厅1卫,朝阳东坝红松园北里甲1号院
整租·老山西里2室1厅南/北 50.00㎡ 南北 2室1厅1卫,石景山老山老山西里
整租·赵公口小区2室1厅南/北 68.00㎡ 南北 2室1厅1卫,丰台木樨园赵公口小区
整租·亚奥金茂悦4室2厅南/北 181.78㎡ 南北 4室2厅3卫,朝阳北苑亚奥金茂悦
整租·新光大中心1室1厅南 44.00㎡ 南 1室1厅1卫,通州北关新光大中心
整租·i立方3房间西北 58.35㎡ 西北 3房间1卫,大兴大兴其它i立方
整租·紫薇天悦1室1厅东北 62.53㎡ 东北 1室1厅1卫,朝阳亚运村小营紫薇天悦
整租·金汉绿港四区3室2厅南 104.00㎡ 南 3室2厅1卫,顺义顺义城金汉绿港四区
整租·富力城D区1室1厅东/北 92.80㎡ 东北 1室1厅1卫,朝阳双井富力城D区
整租·潘家园东里2室1厅南 59.00㎡ 南 2室1厅1卫,朝阳潘家园潘家园东里
整租·和悦居10号院2室1厅南/北 81.00㎡ 南北 2室1厅1卫,顺义顺义其它和悦居10号院
整租·中海城北区3室2厅南/北 127.00㎡ 南北 3室2厅2卫,朝阳成寿寺中海城北区
整租·芳城园一区3室1厅东/西北 77.00㎡ 东西北 3室1厅1卫,丰台方庄芳城园一区
整租·中堂3室2厅南/北 138.00㎡ 南北 3室2厅2卫,丰台岳各庄中堂
整租·特区8083室1厅南/北 150.00㎡ 南北 3室1厅2卫,朝阳石佛营特区808
整租·丽都东镇3室2厅南/北 158.00㎡ 南北 3室2厅2卫,朝阳酒仙桥丽都东镇
整租·安华西里社区1室1厅南 40.00㎡ 南 1室1厅1卫,朝阳安贞安华西里社区
整租·青塔芳园2室1厅复式南/北 60.00㎡ 南北 2室1厅1卫,丰台青塔青塔芳园
整租·高庄2室1厅南/北 56.00㎡ 南北 2室1厅1卫,丰台赵公口高庄
整租·远洋山水2室1厅东北 94.38㎡ 东北 2室1厅1卫,石景山鲁谷远洋山水
整租·天伦锦城1室1厅东 60.00㎡ 东 1室1厅1卫,丰台花乡天伦锦城
整租·京投银泰万科西华府3室2厅南/北 138.00㎡ 南北 3室2厅2卫,丰台科技园区京投银泰万科西华府
整租·裕民东里2室1厅南 58.00㎡ 南 2室1厅1卫,朝阳马甸裕民东里
整租·金海国际南区1室1厅西 66.17㎡ 西 1室1厅1卫,朝阳百子湾金海国际南区
整租·新裕家园1室0厅北 37.00㎡ 北 1室0厅1卫,东城崇文门新裕家园
整租·金顶阳光2室1厅南/北 90.00㎡ 南北 2室1厅1卫,石景山苹果园金顶阳光
整租·金隅可乐1房间西北 72.00㎡ 西北 1房间1卫,朝阳双桥金隅可乐
整租·顺悦家园2室1厅南 65.00㎡ 南 2室1厅1卫,顺义马坡顺悦家园
整租·东四七条4室1厅南/北 100.00㎡ 南北 4室1厅1卫,东城东四东四七条
整租·融科钧廷3室1厅南/北 102.00㎡ 南北 3室1厅1卫,通州马驹桥融科钧廷
整租·华威西里3室1厅南/北 75.27㎡ 南北 3室1厅1卫,朝阳潘家园华威西里
整租·三山新新家园2室1厅南/北 74.00㎡ 南北 2室1厅1卫,顺义后沙峪三山新新家园
整租·苹果社区南区2室1厅南 96.00㎡ 南 2室1厅1卫,朝阳双井苹果社区南区
整租·和悦春风3室1厅南/北 82.00㎡ 南北 3室1厅1卫,大兴大兴新机场和悦春风
整租·广安康润家园东区2室1厅南/北 89.00㎡ 南北 2室1厅1卫,丰台科技园区广安康润家园东区
整租·恒大书院1室1厅西 60.00㎡ 西 1室1厅1卫,朝阳北苑恒大书院
整租·车公庄西路14号院2室1厅南/北 51.00㎡ 南北 2室1厅1卫,海淀甘家口车公庄西路14号院
整租·康泉小区2室1厅南 90.00㎡ 南 2室1厅1卫,朝阳双桥康泉小区
整租·同馨家园3室1厅南 89.64㎡ 南 3室1厅1卫,丰台青塔同馨家园
整租·金惠园三里1室1厅东 100.00㎡ 东 1室1厅1卫,大兴高米店金惠园三里
整租·光大水墨风景2室2厅西南 109.00㎡ 西南 2室2厅1卫,海淀万柳光大水墨风景
整租·国风北京3室2厅南/北 142.98㎡ 南北 3室2厅2卫,朝阳望京国风北京
整租·华腾北塘商务中心4房间东/西/北 356.20㎡ 东西北 4房间0卫,朝阳劲松华腾北塘商务中心
整租·普惠北里2室1厅南/北 59.00㎡ 南北 2室1厅1卫,海淀公主坟普惠北里
整租·紫荆园3室2厅南/北 122.83㎡ 南北 3室2厅2卫,通州武夷花园紫荆园
整租·远洋山水2室1厅东北 94.38㎡ 东北 2室1厅1卫,石景山鲁谷远洋山水
整租·天伦锦城1室1厅东 60.00㎡ 东 1室1厅1卫,丰台花乡天伦锦城
整租·京投银泰万科西华府3室2厅南/北 138.00㎡ 南北 3室2厅2卫,丰台科技园区京投银泰万科西华府
整租·裕民东里2室1厅南 58.00㎡ 南 2室1厅1卫,朝阳马甸裕民东里
整租·金海国际南区1室1厅西 66.17㎡ 西 1室1厅1卫,朝阳百子湾金海国际南区
整租·新裕家园1室0厅北 37.00㎡ 北 1室0厅1卫,东城崇文门新裕家园
整租·金顶阳光2室1厅南/北 90.00㎡ 南北 2室1厅1卫,石景山苹果园金顶阳光
整租·金隅可乐1房间西北 72.00㎡ 西北 1房间1卫,朝阳双桥金隅可乐
整租·顺悦家园2室1厅南 65.00㎡ 南 2室1厅1卫,顺义马坡顺悦家园
整租·东四七条4室1厅南/北 100.00㎡ 南北 4室1厅1卫,东城东四东四七条
整租·融科钧廷3室1厅南/北 102.00㎡ 南北 3室1厅1卫,通州马驹桥融科钧廷
整租·华威西里3室1厅南/北 75.27㎡ 南北 3室1厅1卫,朝阳潘家园华威西里
整租·三山新新家园2室1厅南/北 74.00㎡ 南北 2室1厅1卫,顺义后沙峪三山新新家园
整租·苹果社区南区2室1厅南 96.00㎡ 南 2室1厅1卫,朝阳双井苹果社区南区
整租·和悦春风3室1厅南/北 82.00㎡ 南北 3室1厅1卫,大兴大兴新机场和悦春风
整租·广安康润家园东区2室1厅南/北 89.00㎡ 南北 2室1厅1卫,丰台科技园区广安康润家园东区
整租·恒大书院1室1厅西 60.00㎡ 西 1室1厅1卫,朝阳北苑恒大书院
整租·车公庄西路14号院2室1厅南/北 51.00㎡ 南北 2室1厅1卫,海淀甘家口车公庄西路14号院
整租·康泉小区2室1厅南 90.00㎡ 南 2室1厅1卫,朝阳双桥康泉小区
整租·同馨家园3室1厅南 89.64㎡ 南 3室1厅1卫,丰台青塔同馨家园
整租·金惠园三里1室1厅东 100.00㎡ 东 1室1厅1卫,大兴高米店金惠园三里
整租·光大水墨风景2室2厅西南 109.00㎡ 西南 2室2厅1卫,海淀万柳光大水墨风景
整租·国风北京3室2厅南/北 142.98㎡ 南北 3室2厅2卫,朝阳望京国风北京
整租·华腾北塘商务中心4房间东/西/北 356.20㎡ 东西北 4房间0卫,朝阳劲松华腾北塘商务中心
整租·普惠北里2室1厅南/北 59.00㎡ 南北 2室1厅1卫,海淀公主坟普惠北里
整租·紫荆园3室2厅南/北 122.83㎡ 南北 3室2厅2卫,通州武夷花园紫荆园
整租·国门智慧城4房间南 73.00㎡ 南 4房间2卫,顺义后沙峪国门智慧城
整租·前进花园牡丹苑2室1厅南/北 95.00㎡ 南北 2室1厅1卫,顺义顺义城前进花园牡丹苑
整租·西马金润一区1室1厅北 60.00㎡ 北 1室1厅1卫,丰台马家堡西马金润一区
整租·富力城D区3室2厅东南 121.63㎡ 东南 3室2厅2卫,朝阳双井富力城D区
整租·燕归园3室2厅南/北 96.26㎡ 南北 3室2厅1卫,海淀五道口燕归园
整租·时间国际中心4房间东 225.00㎡ 东 4房间0卫,朝阳三元桥时间国际中心
整租·上东8号1房间南 53.00㎡ 南 1房间1卫,朝阳酒仙桥上东8号
整租·新永外文化用品商城2室1厅南 72.98㎡ 南 2室1厅1卫,东城永定门新永外文化用品商城
整租·中国铁建广场2房间西 68.00㎡ 西 2房间1卫,朝阳北苑中国铁建广场
整租·中国铁建国际城3室2厅南/北 118.00㎡ 南北 3室2厅2卫,朝阳北苑中国铁建国际城
整租·玲珑山3房间南 88.00㎡ 南 3房间1卫,朝阳双桥玲珑山
整租·惠新北里1号院2室1厅南/北 56.24㎡ 南北 2室1厅1卫,朝阳惠新西街惠新北里1号院
整租·金隅泰和园2室1厅南/北 75.30㎡ 南北 2室1厅1卫,朝阳高碑店金隅泰和园
整租·长安太和1室1厅西 107.54㎡ 西 1室1厅1卫,东城建国门内长安太和
整租·芍药居甲2号院3室1厅南/西 104.77㎡ 南西 3室1厅1卫,朝阳芍药居芍药居甲2号院
整租·中国铁建广场2房间西 69.00㎡ 西 2房间1卫,朝阳北苑中国铁建广场
整租·三里河一区3号院3室1厅西北 97.70㎡ 西北 3室1厅1卫,西城月坛三里河一区3号院
整租·酒仙桥四街坊2室1厅南/北 60.89㎡ 南北 2室1厅1卫,朝阳酒仙桥酒仙桥四街坊
整租·阜成门外大街乙40号2室1厅南/北 60.00㎡ 南北 2室1厅1卫,西城月坛阜成门外大街乙40号
整租·丽水园3室2厅南/北 129.00㎡ 南北 3室2厅2卫,丰台马家堡丽水园
整租·华远西红世商业1室1厅南 62.49㎡ 南 1室1厅1卫,大兴高米店华远西红世商业
整租·双合家园2室1厅南 86.50㎡ 南 2室1厅1卫,朝阳垡头双合家园
整租·青云南区3室1厅西/北 60.50㎡ 西北 3室1厅1卫,海淀皂君庙青云南区
整租·石园北区2室1厅南/北 70.00㎡ 南北 2室1厅1卫,顺义顺义城石园北区
整租·玉泉路甲65号院2室1厅南/北 62.48㎡ 南北 2室1厅1卫,石景山鲁谷玉泉路甲65号院
整租·现代城5室2厅复式西南 341.02㎡ 西南 5室2厅3卫,朝阳CBD现代城
整租·半岛国际公寓1室1厅东北 62.57㎡ 东北 1室1厅1卫,朝阳太阳宫半岛国际公寓
整租·和平里三区1室1厅东南 41.00㎡ 东南 1室1厅1卫,东城和平里和平里三区
整租·裕民路3号院2室1厅南/北 54.10㎡ 南北 2室1厅1卫,朝阳马甸裕民路3号院
整租·北京青年城3室1厅南/北 107.00㎡ 南北 3室1厅2卫,朝阳北苑北京青年城
整租·八里庄路62号院3房间南/西 95.00㎡ 南西 3房间1卫,海淀定慧寺八里庄路62号院
整租·金星园3室2厅东南/西北 151.00㎡ 东南西北 3室2厅2卫,朝阳三元桥金星园
整租·清缘东里2室1厅南/北 87.51㎡ 南北 2室1厅1卫,海淀清河清缘东里
整租·新起点嘉园6室2厅南/西/北 554.62㎡ 南西北 6室2厅3卫,海淀万柳新起点嘉园
整租·烟树园3室1厅西南 125.00㎡ 西南 3室1厅2卫,海淀世纪城烟树园
整租·大城小镇1室1厅西北 54.00㎡ 西北 1室1厅1卫,大兴旧宫大城小镇
整租·翠微路甲10号院1房间东 46.61㎡ 东 1房间1卫,海淀公主坟翠微路甲10号院
整租·康居社区南一区3室1厅南/北 122.25㎡ 南北 3室1厅1卫,密云果园街道康居社区南一区
整租·京投银泰琨御府1房间南 45.66㎡ 南 1房间1卫,海淀四季青京投银泰琨御府
整租·公园五号1室0厅东 57.25㎡ 东 1室0厅1卫,朝阳甜水园公园五号
整租·富力城D区3室2厅南/北 237.07㎡ 南北 3室2厅3卫,朝阳双井富力城D区
整租·水上华城4室2厅南/北 266.01㎡ 南北 4室2厅3卫,东城广渠门水上华城
整租·四方景园四区1室1厅北 58.00㎡ 北 1室1厅1卫,丰台成寿寺四方景园四区
整租·万泉庄1号院1室1厅南/北 42.90㎡ 南北 1室1厅1卫,海淀苏州桥万泉庄1号院
整租·海云轩3室2厅东南/南 208.73㎡ 东南南 3室2厅2卫,海淀小西天海云轩
整租·风景线3室1厅东/东南/南 152.00㎡ 东东南南 3室1厅2卫,朝阳酒仙桥风景线
整租·中粮祥云国际生活区3室2厅南 151.23㎡ 南 3室2厅2卫,顺义后沙峪中粮祥云国际生活区
整租·左家庄东里1室1厅西南 49.46㎡ 西南 1室1厅1卫,朝阳国展左家庄东里
整租·北京新天地四期1室1厅南 64.00㎡ 南 1室1厅1卫,朝阳常营北京新天地四期
整租·世纪宝鼎3室2厅东/北 249.16㎡ 东北 3室2厅2卫,朝阳亚运村小营世纪宝鼎
整租·首开常青藤二期3室2厅跃层南/北 156.00㎡ 南北 3室2厅2卫,朝阳东坝首开常青藤二期
整租·清泽园3室1厅南/北 120.00㎡ 南北 3室1厅2卫,海淀海淀北部新区清泽园
整租·金宝天阶2室1厅南 55.00㎡ 南 2室1厅1卫,顺义马坡金宝天阶
整租·成府路20号院2室1厅南 61.20㎡ 南 2室1厅1卫,海淀五道口成府路20号院
整租·林肯公园B区3房间南 118.00㎡ 南 3房间2卫,亦庄开发区亦庄林肯公园B区
整租·锦绣园2室1厅东 73.00㎡ 东 2室1厅1卫,朝阳工体锦绣园
整租·星源国际2室2厅南 113.00㎡ 南 2室2厅2卫,朝阳望京星源国际
整租·世界城1室0厅北 61.00㎡ 北 1室0厅1卫,朝阳东大桥世界城
整租·棕榈泉国际公寓3室2厅东/南/北 192.00㎡ 东南北 3室2厅2卫,朝阳朝阳公园棕榈泉国际公寓
整租·首开花香四季1室1厅东 57.00㎡ 东 1室1厅1卫,丰台科技园区首开花香四季
整租·台湖金茂悦3室1厅南/北 88.68㎡ 南北 3室1厅1卫,通州通州其它台湖金茂悦
整租·万和嘉园一区1室0厅南 43.00㎡ 南 1室0厅1卫,海淀海淀北部新区万和嘉园一区
整租·青塔东里2室1厅南/北 73.00㎡ 南北 2室1厅1卫,丰台青塔青塔东里
整租·泰禾金府大院3室1厅东/南/北 116.63㎡ 东南北 3室1厅2卫,丰台新宫泰禾金府大院
整租·十一教工楼3室1厅南/北 68.30㎡ 南北 3室1厅1卫,海淀玉泉路十一教工楼
整租·明天第一城7号院3房间南 77.00㎡ 南 3房间1卫,朝阳立水桥明天第一城7号院
整租·马坡花园一区3室2厅南/北 127.00㎡ 南北 3室2厅1卫,顺义马坡马坡花园一区
整租·小南庄社区3室1厅南/北 81.00㎡ 南北 3室1厅1卫,海淀苏州桥小南庄社区
整租·水木天成3室2厅南/北 129.36㎡ 南北 3室2厅2卫,海淀清河水木天成
整租·梵谷水郡2室1厅西南/西 90.50㎡ 西南西 2室1厅1卫,朝阳酒仙桥梵谷水郡
整租·启迪香山3房间东 48.08㎡ 东 3房间2卫,石景山苹果园启迪香山
整租·北大街北里2室1厅南/北 53.00㎡ 南北 2室1厅1卫,丰台七里庄北大街北里
整租·花市枣苑二期2室2厅东 128.52㎡ 东 2室2厅2卫,东城东花市花市枣苑二期
整租·北三环中路40号院1室1厅东 58.53㎡ 东 1室1厅1卫,海淀小西天北三环中路40号院
整租·柳浪家园北里1室1厅南 48.00㎡ 南 1室1厅1卫,海淀马连洼柳浪家园北里
整租·罗庄东里2室1厅南/北 60.00㎡ 南北 2室1厅1卫,海淀知春路罗庄东里
整租·柳浪家园南里2室1厅南/北 76.00㎡ 南北 2室1厅1卫,海淀马连洼柳浪家园南里
整租·枣营北里1室1厅南/北 59.00㎡ 南北 1室1厅1卫,朝阳农展馆枣营北里
整租·红山世家2室1厅西 86.83㎡ 西 2室1厅1卫,西城广安门红山世家
整租·金地朗悦朗园3室2厅南/西/北 97.00㎡ 南西北 3室2厅1卫,房山长阳金地朗悦朗园
整租·首开国风美唐综合楼2房间南 55.62㎡ 南 2房间1卫,昌平回龙观首开国风美唐综合楼
整租·西马金润二区2室1厅南/北 93.55㎡ 南北 2室1厅1卫,丰台马家堡西马金润二区
整租·瑞都国际北区1室1厅北 61.09㎡ 北 1室1厅1卫,通州九棵树(家乐福)瑞都国际北区
整租·左家庄南里1室1厅南 43.00㎡ 南 1室1厅1卫,朝阳国展左家庄南里
整租·幸福东区1室1厅南/北 66.00㎡ 南北 1室1厅1卫,顺义顺义城幸福东区
整租·地杰长安驿1室0厅南 45.47㎡ 南 1室0厅1卫,朝阳建国门外地杰长安驿
整租·安贞里2室1厅东/南 69.00㎡ 东南 2室1厅1卫,朝阳安贞安贞里
整租·领秀新硅谷1号院6室3厅复式南/北 401.98㎡ 南北 6室3厅4卫,海淀西二旗领秀新硅谷1号院
整租·金隅丽港城1室1厅西 56.00㎡ 西 1室1厅1卫,朝阳望京金隅丽港城
整租·空港合苑3号院2室1厅南 80.00㎡ 南 2室1厅1卫,大兴大兴机场空港空港合苑3号院
整租·远大园五区3室2厅南/北 174.00㎡ 南北 3室2厅2卫,海淀世纪城远大园五区
整租·林肯公寓3房间复式北 59.01㎡ 北 3房间2卫,亦庄开发区亦庄林肯公寓
整租·建国门内大街4室1厅南/北 126.00㎡ 南北 4室1厅1卫,东城建国门外建国门内大街
整租·风景线2室1厅南 115.00㎡ 南 2室1厅1卫,朝阳酒仙桥风景线
整租·二里庄北里2室1厅南/北 63.00㎡ 南北 2室1厅1卫,海淀二里庄二里庄北里
整租·山水蓝维3室1厅南/北 150.00㎡ 南北 3室1厅2卫,朝阳北苑山水蓝维
整租·时代风帆大厦2室1厅西/北 133.00㎡ 西北 2室1厅1卫,丰台马家堡时代风帆大厦
整租·星河城西区1室1厅北 47.00㎡ 北 1室1厅1卫,丰台马家堡星河城西区
整租·天通苑东一区2室1厅东/西 79.00㎡ 东西 2室1厅1卫,昌平天通苑天通苑东一区
整租·灵通观1室1厅南 33.00㎡ 南 1室1厅1卫,朝阳建国门外灵通观
整租·保利海德公园2房间北 43.00㎡ 北 2房间1卫,海淀知春路保利海德公园
整租·同兴园3室1厅南/北 88.00㎡ 南北 3室1厅1卫,大兴西红门同兴园
整租·金地名京2室1厅东 58.00㎡ 东 2室1厅2卫,朝阳四惠金地名京
整租·gogo新世代2室1厅北 57.79㎡ 北 2室1厅1卫,丰台方庄gogo新世代
整租·国兴城2室1厅南/北 83.77㎡ 南北 2室1厅1卫,顺义后沙峪国兴城
整租·三义庙北3室1厅南/北 61.50㎡ 南北 3室1厅1卫,海淀苏州桥三义庙北
整租·奥林匹克花园四期2室1厅南/北 89.33㎡ 南北 2室1厅1卫,朝阳东坝奥林匹克花园四期
整租·尚峯壹号6房间南/北 185.78㎡ 南北 6房间3卫,顺义顺义其它尚峯壹号
整租·佳运园二期1室1厅东北 65.91㎡ 东北 1室1厅1卫,昌平立水桥佳运园二期
整租·广渠门外大街1室1厅南 42.28㎡ 南 1室1厅1卫,朝阳劲松广渠门外大街
整租·世安家园2室1厅东/北 80.43㎡ 东北 2室1厅1卫,朝阳望京世安家园
整租·华严里2室1厅西南 50.00㎡ 西南 2室1厅1卫,朝阳健翔桥华严里
整租·芳星园三区2室1厅东南 64.00㎡ 东南 2室1厅1卫,丰台方庄芳星园三区
整租·果园西里3室2厅南/北 99.98㎡ 南北 3室2厅2卫,密云果园街道果园西里
整租·益辰欣园3室2厅南/北 143.00㎡ 南北 3室2厅2卫,丰台科技园区益辰欣园
整租·丽水园3室2厅南/西/北 107.07㎡ 南西北 3室2厅2卫,丰台马家堡丽水园
整租·山水文园二期5室2厅复式东/南/北 400.04㎡ 东南北 5室2厅3卫,朝阳华威桥山水文园二期
整租·嘉莲苑1室1厅南/西 69.77㎡ 南西 1室1厅1卫,丰台菜户营嘉莲苑
整租·东方太阳城2室2厅南/北 105.25㎡ 南北 2室2厅1卫,顺义顺义其它东方太阳城
整租·景熙国际5房间南 133.78㎡ 南 5房间2卫,海淀甘家口景熙国际
整租·高家园三区2室1厅南/北 61.45㎡ 南北 2室1厅1卫,朝阳酒仙桥高家园三区
整租·新外大街6号院2室1厅南/北 57.00㎡ 南北 2室1厅1卫,西城马甸新外大街6号院
整租·车站路6号院2室1厅南 45.00㎡ 南 2室1厅1卫,东城陶然亭车站路6号院
整租·天作国际中心1室0厅南 38.79㎡ 南 1室0厅1卫,海淀皂君庙天作国际中心
整租·台湖金茂悦3室1厅南/北 89.26㎡ 南北 3室1厅1卫,通州通州其它台湖金茂悦
整租·天畅园2室1厅东 89.00㎡ 东 2室1厅1卫,朝阳奥林匹克公园天畅园
整租·荟康苑1室1厅南/北 60.00㎡ 南北 1室1厅1卫,朝阳常营荟康苑
整租·秋露园2室1厅南/北 77.00㎡ 南北 2室1厅1卫,海淀西北旺秋露园
整租·富海中心1室0厅东/南/西 393.00㎡ 东南西 1室0厅0卫,海淀白石桥富海中心
整租·知春里2室1厅南 54.00㎡ 南 2室1厅1卫,海淀双榆树知春里
整租·新康街1号院2室2厅南/北 130.60㎡ 南北 2室2厅2卫,西城马甸新康街1号院
整租·青云北区2室1厅南/北 59.20㎡ 南北 2室1厅1卫,海淀双榆树青云北区
整租·东交民巷32号院2室1厅东 49.14㎡ 东 2室1厅1卫,东城前门东交民巷32号院
整租·中塔园2室1厅南/北 60.00㎡ 南北 2室1厅1卫,海淀定慧寺中塔园
整租·索家坟2室1厅东/西 58.00㎡ 东西 2室1厅1卫,海淀小西天索家坟
整租·金域华府二期2室1厅南 79.57㎡ 南 2室1厅1卫,昌平回龙观金域华府二期
整租·顶秀青溪4室2厅南/北 149.81㎡ 南北 4室2厅2卫,昌平立水桥顶秀青溪
整租·西大望路12号院2室1厅南/北 59.00㎡ 南北 2室1厅1卫,朝阳大望路西大望路12号院
整租·橡树湾一期2室1厅西南 89.00㎡ 西南 2室1厅1卫,海淀清河橡树湾一期
整租·慧谷阳光3室2厅复式南/北 131.15㎡ 南北 3室2厅2卫,朝阳望京慧谷阳光
整租·天瑞宸章5室2厅南/北 450.00㎡ 南北 5室2厅3卫,朝阳中央别墅区天瑞宸章
整租·西马金润一区3室1厅复式南/北 112.00㎡ 南北 3室1厅1卫,丰台马家堡西马金润一区
整租·嘉丽园1室1厅东 51.93㎡ 东 1室1厅1卫,丰台马家堡嘉丽园
整租·铂宫国际中心3室2厅东北 232.82㎡ 东北 3室2厅3卫,朝阳东大桥铂宫国际中心
整租·明天第一城7号院3房间南/北 79.00㎡ 南北 3房间1卫,朝阳立水桥明天第一城7号院
整租·第三置业4室1厅东/南/西 287.00㎡ 东南西 4室1厅0卫,朝阳三元桥第三置业
整租·第三置业3室1厅东/西/北 233.60㎡ 东西北 3室1厅0卫,朝阳三元桥第三置业
整租·IDCITY艾迪城2房间北 47.00㎡ 北 2房间1卫,顺义后沙峪IDCITY艾迪城
整租·怡海花园恒泰园2室1厅西南 138.19㎡ 西南 2室1厅1卫,丰台科技园区怡海花园恒泰园
整租·保利金泉3室2厅东南 161.00㎡ 东南 3室2厅2卫,朝阳亚运村保利金泉
整租·东润枫景三期3室2厅南/北 177.00㎡ 南北 3室2厅3卫,朝阳朝阳公园东润枫景三期
整租·住总正华新国展满庭芳3室1厅南/北 103.68㎡ 南北 3室1厅1卫,顺义中央别墅区住总正华新国展满庭芳
整租·富力湾5室3厅复式东/南/西/北 302.40㎡ 东南西北 5室3厅5卫,顺义马坡富力湾
整租·怡海花园恒泰园2室1厅南 70.00㎡ 南 2室1厅1卫,丰台科技园区怡海花园恒泰园
整租·亦庄北岸2室1厅南 86.00㎡ 南 2室1厅1卫,大兴旧宫亦庄北岸
整租·曙光西里2室1厅西 54.45㎡ 西 2室1厅1卫,朝阳三元桥曙光西里
整租·学院派2房间西 42.22㎡ 西 2房间1卫,海淀小西天学院派
整租·和泓四季3室1厅东/北 66.00㎡ 东北 3室1厅1卫,海淀四季青和泓四季
整租·三源里北小街1室1厅东南 36.00㎡ 东南 1室1厅1卫,朝阳三元桥三源里北小街
整租·万国城MOMA2室1厅东 100.00㎡ 东 2室1厅1卫,东城东直门万国城MOMA
整租·宏源公寓2室1厅西北 104.00㎡ 西北 2室1厅2卫,朝阳大山子宏源公寓
整租·嘉园三里1室1厅西 51.00㎡ 西 1室1厅1卫,丰台马家堡嘉园三里
整租·香麓雅庭3房间东 80.00㎡ 东 3房间1卫,海淀海淀北部新区香麓雅庭
整租·茂华景上景3房间东 60.40㎡ 东 3房间2卫,石景山杨庄茂华景上景
整租·融科钧廷2室2厅南/北 114.00㎡ 南北 2室2厅2卫,通州马驹桥融科钧廷
整租·茗筑2室1厅西南 95.86㎡ 西南 2室1厅1卫,西城马连道茗筑
整租·长远天地3室1厅东南 236.75㎡ 东南 3室1厅1卫,海淀苏州桥长远天地
整租·莫奈花园4室2厅南 185.00㎡ 南 4室2厅3卫,顺义后沙峪莫奈花园
整租·常楹公元自由派1房间北 57.00㎡ 北 1房间1卫,朝阳常营常楹公元自由派
整租·垡头北里2室1厅东 50.20㎡ 东 2室1厅1卫,朝阳垡头垡头北里
整租·清澄名苑北区0室0厅东 65.00㎡ 东 未知室0厅1卫,大兴黄村中清澄名苑北区
整租·定慧西里2室1厅南 71.80㎡ 南 2室1厅1卫,海淀定慧寺定慧西里
整租·萬橡悦府3室1厅南/北 89.54㎡ 南北 3室1厅2卫,昌平回龙观萬橡悦府
整租·双花园西里2室2厅东 97.00㎡ 东 2室2厅1卫,朝阳双井双花园西里
整租·凯旋城1室0厅西 72.00㎡ 西 1室0厅1卫,朝阳亚运村小营凯旋城
整租·苹果派2室1厅东北 78.00㎡ 东北 2室1厅1卫,朝阳常营苹果派
整租·望京金茂府3室2厅南/北 225.00㎡ 南北 3室2厅3卫,朝阳望京望京金茂府
整租·永泰庄6号院1室1厅南 40.59㎡ 南 1室1厅1卫,海淀清河永泰庄6号院
整租·龙博苑二区3室1厅南/北 87.14㎡ 南北 3室1厅1卫,昌平回龙观龙博苑二区
整租·首开国悦嘉园3室1厅南/北 102.00㎡ 南北 3室1厅1卫,密云鼓楼街道首开国悦嘉园
整租·观林阁2室1厅南/北 97.00㎡ 南北 2室1厅1卫,顺义后沙峪观林阁
整租·红联北村2室1厅西北 62.70㎡ 西北 2室1厅1卫,海淀小西天红联北村
整租·长阳半岛怡和路8号院3室1厅南/北 140.00㎡ 南北 3室1厅2卫,房山长阳长阳半岛怡和路8号院
整租·水碓子东路2室2厅南 55.49㎡ 南 2室2厅1卫,朝阳甜水园水碓子东路
整租·银河湾3室2厅东南/西北 176.81㎡ 东南西北 3室2厅2卫,朝阳酒仙桥银河湾
整租·东货场路38号院2室1厅南/北 56.00㎡ 南北 2室1厅1卫,丰台北大地东货场路38号院
整租·翡翠城一期5室2厅南/北 240.00㎡ 南北 5室2厅3卫,大兴高米店翡翠城一期
整租·北方明珠1室0厅西南 112.00㎡ 西南 1室0厅1卫,昌平立水桥北方明珠
整租·智地香蜜湾4房间西南 67.00㎡ 西南 4房间2卫,顺义后沙峪智地香蜜湾
整租·望京花园东区3室2厅东 120.00㎡ 东 3室2厅2卫,朝阳望京望京花园东区
整租·怡秀园小区2室1厅南 66.90㎡ 南 2室1厅1卫,海淀万柳怡秀园小区
整租·北京人家2室1厅南/北 99.00㎡ 南北 2室1厅1卫,昌平回龙观北京人家
整租·原生墅4室2厅复式东/南/西 208.28㎡ 东南西 4室2厅3卫,大兴高米店原生墅
整租·中湾国际1室0厅南 41.52㎡ 南 1室0厅1卫,海淀苏州桥中湾国际
整租·瑞都国际南区2室1厅东南 84.90㎡ 东南 2室1厅1卫,通州九棵树(家乐福)瑞都国际南区
整租·康泽佳苑北区2室1厅南/北 78.00㎡ 南北 2室1厅1卫,房山长阳康泽佳苑北区
整租·观景园2室1厅南/北 90.00㎡ 南北 2室1厅1卫,海淀清河观景园
整租·中和家园3室1厅复式南/北 128.00㎡ 南北 3室1厅2卫,朝阳南沙滩中和家园
整租·建新胡同10号楼2室1厅南/北 66.00㎡ 南北 2室1厅1卫,昌平鼓楼大街建新胡同10号楼
整租·华贸公寓3室1厅南/北 159.00㎡ 南北 3室1厅2卫,朝阳CBD华贸公寓
整租·中粮祥云国际生活区2房间复式南 58.00㎡ 南 2房间1卫,顺义后沙峪中粮祥云国际生活区
整租·瑞悦府3室2厅南/北 89.91㎡ 南北 3室2厅1卫,朝阳中央别墅区瑞悦府
整租·园墅4室2厅南/北 260.00㎡ 南北 4室2厅3卫,昌平回龙观园墅
整租·远洋万和城A区4室2厅南/西/北 287.63㎡ 南西北 4室2厅3卫,朝阳亚运村小营远洋万和城A区
整租·翡翠公园二期4室2厅南/北 121.68㎡ 南北 4室2厅2卫,昌平北七家翡翠公园二期
整租·公园18723室2厅南/北 194.81㎡ 南北 3室2厅2卫,朝阳石佛营公园1872
整租·珠江绿洲3室2厅南/北 148.00㎡ 南北 3室2厅2卫,朝阳双桥珠江绿洲
整租·和平西街2室1厅东/北 53.64㎡ 东北 2室1厅1卫,朝阳和平里和平西街
整租·京投发展公园悦府一区3室1厅南/北 114.00㎡ 南北 3室1厅2卫,昌平回龙观京投发展公园悦府一区
整租·万通天竺新新家园5室1厅复式南/北 381.45㎡ 南北 5室1厅5卫,顺义天竺万通天竺新新家园
整租·建材城东二里3室1厅南/北 82.49㎡ 南北 3室1厅1卫,海淀西三旗建材城东二里
整租·二里庄北里2室1厅南/北 60.00㎡ 南北 2室1厅1卫,海淀二里庄二里庄北里
整租·广安康润家园东区2室1厅南/北 83.00㎡ 南北 2室1厅1卫,丰台科技园区广安康润家园东区
整租·北回归线4房间北 72.73㎡ 北 4房间1卫,昌平回龙观北回归线
整租·六铺炕二区3室1厅东南 82.70㎡ 东南 3室1厅1卫,西城六铺炕六铺炕二区
整租·兴隆家园2室1厅西北 90.00㎡ 西北 2室1厅1卫,朝阳高碑店兴隆家园
整租·江南山水3室2厅南/北 156.00㎡ 南北 3室2厅2卫,朝阳小红门江南山水
整租·嘉瑞公寓2房间北 106.00㎡ 北 2房间1卫,朝阳望京嘉瑞公寓
整租·行宫园三里2室1厅南/北 71.00㎡ 南北 2室1厅1卫,房山良乡行宫园三里
整租·青年湖南街1室1厅东/西 49.00㎡ 东西 1室1厅1卫,东城安定门青年湖南街
整租·二里庄小区3室2厅东/东南 106.00㎡ 东东南 3室2厅2卫,海淀二里庄二里庄小区
整租·香花畦家园3室2厅南/北 147.00㎡ 南北 3室2厅2卫,顺义后沙峪香花畦家园
整租·恒盛波尔多小镇南区4室1厅复式南/北 214.05㎡ 南北 4室1厅2卫,大兴大兴新机场洋房别墅区恒盛波尔多小镇南区
整租·绿地中央广场1室1厅南 91.28㎡ 南 1室1厅0卫,大兴高米店绿地中央广场
整租·长阳国际城一区3室1厅南/北 89.00㎡ 南北 3室1厅1卫,房山长阳长阳国际城一区
整租·绿地启航社1房间东 55.00㎡ 东 1房间1卫,房山长阳绿地启航社
整租·瑞辰国际中心1房间东 168.94㎡ 东 1房间0卫,朝阳农展馆瑞辰国际中心
整租·优山美地C区4室2厅南/北 420.00㎡ 南北 4室2厅3卫,顺义中央别墅区优山美地C区
整租·半岛金街4房间东南 104.00㎡ 东南 4房间1卫,房山长阳半岛金街
整租·蓬莱公寓东区2室1厅南/北 120.00㎡ 南北 2室1厅1卫,昌平北七家蓬莱公寓东区
整租·玉兰苑3室2厅南/北 105.00㎡ 南北 3室2厅3卫,顺义顺义城玉兰苑
整租·龙城花园中五区3室1厅南/北 123.00㎡ 南北 3室1厅1卫,昌平回龙观龙城花园中五区
整租·天坛东里南区1室0厅南 37.04㎡ 南 1室0厅1卫,东城天坛天坛东里南区
整租·屯三里2房间北 106.87㎡ 北 2房间1卫,朝阳工体屯三里
整租·君安国际4房间东南 152.00㎡ 东南 4房间2卫,亦庄开发区亦庄君安国际
整租·天行建商务大厦5室2厅北 246.41㎡ 北 5室2厅0卫,海淀公主坟天行建商务大厦
整租·广馨居2室1厅西北 60.26㎡ 西北 2室1厅1卫,朝阳双井广馨居
整租·空港吉祥花园2室1厅南/北 85.00㎡ 南北 2室1厅1卫,顺义后沙峪空港吉祥花园
整租·珠江骏景北区1室1厅北 47.48㎡ 北 1室1厅1卫,丰台大红门珠江骏景北区
整租·东安街头条2室1厅南/北 57.22㎡ 南北 2室1厅1卫,丰台北大地东安街头条
整租·干休所家属院3室1厅南/北 69.00㎡ 南北 3室1厅1卫,通州万达干休所家属院
整租·公园18721室2厅西 93.00㎡ 西 1室2厅1卫,朝阳石佛营公园1872
整租·原香小镇一区3室1厅南/北 121.76㎡ 南北 3室1厅2卫,房山长阳原香小镇一区
整租·天鹅湾北区3室2厅南/北 176.43㎡ 南北 3室2厅2卫,朝阳朝青天鹅湾北区
整租·华威西里3室1厅南/北 75.27㎡ 南北 3室1厅1卫,朝阳潘家园华威西里
整租·天鹅湾北区5室3厅南/北 367.19㎡ 南北 5室3厅4卫,朝阳朝青天鹅湾北区
整租·东海仪园1室1厅南 60.00㎡ 南 1室1厅1卫,丰台青塔东海仪园
整租·榆垡新城嘉园D区2室1厅南/北 79.60㎡ 南北 2室1厅1卫,大兴大兴机场空港榆垡新城嘉园D区
整租·酒仙桥三街坊2室1厅南/北 54.92㎡ 南北 2室1厅1卫,朝阳酒仙桥酒仙桥三街坊
整租·扣钟北里西区2室1厅南/北 58.80㎡ 南北 2室1厅1卫,西城阜成门扣钟北里西区
整租·富力华庭苑西区2室1厅南/西 89.00㎡ 南西 2室1厅1卫,大兴大兴新机场富力华庭苑西区
整租·中冀大厦4房间东南/南 108.14㎡ 东南南 4房间2卫,亦庄开发区亦庄中冀大厦
整租·鼓楼东区2室2厅南/北 92.28㎡ 南北 2室2厅1卫,密云鼓楼街道鼓楼东区
整租·北京华侨城2号院3室1厅南/北 222.96㎡ 南北 3室1厅3卫,朝阳欢乐谷北京华侨城2号院
整租·富锦嘉园二区2室1厅东南 91.00㎡ 东南 2室1厅1卫,丰台科技园区富锦嘉园二区
整租·复兴西里31号院3室1厅南/北 106.00㎡ 南北 3室1厅1卫,通州万达复兴西里31号院
整租·文慧园一号公寓1室0厅东 38.39㎡ 东 1室0厅1卫,海淀小西天文慧园一号公寓
整租·如园南区4室2厅东/南/北 288.95㎡ 东南北 4室2厅3卫,海淀西北旺如园南区
整租·万地名苑3室2厅西北 144.92㎡ 西北 3室2厅1卫,海淀五棵松万地名苑
整租·东风家园1室1厅西 82.00㎡ 西 1室1厅1卫,朝阳朝阳公园东风家园
整租·新德街甲31号院3室1厅南/北 57.00㎡ 南北 3室1厅1卫,西城德胜门新德街甲31号院
整租·法华南里1室0厅南 43.00㎡ 南 1室0厅1卫,东城崇文门法华南里
整租·怡锦园1室1厅西南 73.00㎡ 西南 1室1厅1卫,丰台科技园区怡锦园
整租·五栋大楼3室2厅南/西 166.00㎡ 南西 3室2厅2卫,西城车公庄五栋大楼
整租·复兴西里31号院2室1厅东/西 82.84㎡ 东西 2室1厅1卫,通州万达复兴西里31号院
整租·大悦城公寓2房间东 88.00㎡ 东 2房间1卫,朝阳朝青大悦城公寓
整租·茶贸国际中心1房间南 34.00㎡ 南 1房间1卫,西城马连道茶贸国际中心
整租·金隅汇星苑2室1厅南 82.00㎡ 南 2室1厅1卫,朝阳高碑店金隅汇星苑
整租·融泽嘉园西二路2号院2室1厅南/北 89.00㎡ 南北 2室1厅1卫,昌平回龙观融泽嘉园西二路2号院
整租·富力城D区4室2厅东/南/北 247.00㎡ 东南北 4室2厅3卫,朝阳双井富力城D区
整租·自由季2房间东南 54.00㎡ 东南 2房间1卫,东城广渠门自由季
整租·三里河一区2室1厅南/北 57.00㎡ 南北 2室1厅1卫,西城月坛三里河一区
整租·美立方2房间东 57.36㎡ 东 2房间1卫,朝阳北苑美立方
整租·北苑家园莲葩园2室1厅西南/北 111.79㎡ 西南北 2室1厅1卫,朝阳北苑北苑家园莲葩园
整租·首开石榴派2房间北 40.00㎡ 北 2房间1卫,丰台刘家窑首开石榴派
整租·美立方3房间西 59.00㎡ 西 3房间1卫,朝阳北苑美立方
整租·金隅凤麟洲1室0厅西 37.32㎡ 西 1室0厅1卫,朝阳朝青金隅凤麟洲
整租·东亚创展国际3房间东南 76.46㎡ 东南 3房间1卫,顺义后沙峪东亚创展国际
整租·力宝广场1房间北 92.30㎡ 北 1房间1卫,亦庄开发区亦庄力宝广场
整租·首邑上城3房间西北 97.00㎡ 西北 3房间1卫,大兴枣园首邑上城
整租·鹭峯国际3房间南 95.00㎡ 南 3房间1卫,顺义顺义其它鹭峯国际
整租·天龙华鹤2房间东 80.00㎡ 东 2房间1卫,丰台科技园区天龙华鹤
整租·中国铁建广场2房间南 57.02㎡ 南 2房间1卫,朝阳北苑中国铁建广场
整租·会展誉景2房间西 70.00㎡ 西 2房间1卫,顺义中央别墅区会展誉景
整租·金地未未来5房间西 80.00㎡ 西 5房间3卫,顺义顺义其它金地未未来
整租·八里庄路62号院2房间西 50.00㎡ 西 2房间1卫,海淀定慧寺八里庄路62号院
整租·众美城2室1厅南 81.00㎡ 南 2室1厅1卫,大兴大兴新机场众美城
整租·亿城天筑2房间复式东 36.89㎡ 东 2房间1卫,丰台科技园区亿城天筑
整租·金地中央世家6房间南 90.00㎡ 南 6房间2卫,顺义后沙峪金地中央世家
整租·泰禾一号街区2房间南 44.00㎡ 南 2房间2卫,通州通州其它泰禾一号街区
整租·利锦府府上2房间东 40.00㎡ 东 2房间2卫,朝阳东坝利锦府府上
整租·明天第一城6号院3房间南 82.91㎡ 南 3房间1卫,朝阳立水桥明天第一城6号院
整租·亮马水晶2室1厅西南 90.79㎡ 西南 2室1厅1卫,朝阳朝阳公园亮马水晶
整租·FCC中央城5房间西南 72.00㎡ 西南 5房间2卫,房山长阳FCC中央城
整租·河畔丽景3室1厅西南 132.00㎡ 西南 3室1厅1卫,通州武夷花园河畔丽景
整租·明天第一城6号院3房间南/北 79.90㎡ 南北 3房间1卫,朝阳立水桥明天第一城6号院
整租·东亚创展国际3房间东/南 77.00㎡ 东南 3房间1卫,顺义后沙峪东亚创展国际
整租·东亚三环1房间南 34.80㎡ 南 1房间1卫,丰台马家堡东亚三环
整租·常楹公元自由派1房间南 37.00㎡ 南 1房间1卫,朝阳常营常楹公元自由派
整租·西山洋房2房间南 38.50㎡ 南 2房间1卫,海淀田村西山洋房
整租·东亚创展国际3房间西南 77.00㎡ 西南 3房间1卫,顺义后沙峪东亚创展国际
整租·地震局宿舍2室1厅南/北 61.00㎡ 南北 2室1厅1卫,石景山玉泉路地震局宿舍
整租·花园小区2室2厅南/北 103.41㎡ 南北 2室2厅1卫,密云鼓楼街道花园小区
整租·东亚五环国际4房间南 116.00㎡ 南 4房间1卫,大兴旧宫东亚五环国际
整租·南新园2室1厅南/北 75.00㎡ 南北 2室1厅1卫,朝阳华威桥南新园
整租·新外大街10号院2室1厅南 63.00㎡ 南 2室1厅1卫,西城马甸新外大街10号院
整租·万科星园3室1厅东南 126.00㎡ 东南 3室1厅1卫,朝阳奥林匹克公园万科星园
整租·林肯公寓4房间东北 73.09㎡ 东北 4房间3卫,亦庄开发区亦庄林肯公寓
整租·阳光丽景2室1厅西/北 98.00㎡ 西北 2室1厅1卫,西城马甸阳光丽景
整租·世方豪庭6室1厅南 248.00㎡ 南 6室1厅3卫,朝阳亮马桥世方豪庭
整租·顶秀青溪5室1厅复式南/北 169.90㎡ 南北 5室1厅2卫,昌平立水桥顶秀青溪
整租·富丰路8号院2室1厅东/南/北 73.83㎡ 东南北 2室1厅1卫,丰台科技园区富丰路8号院
整租·清城国际中心3房间西北 90.00㎡ 西北 3房间1卫,大兴黄村中清城国际中心
整租·德外大街12号院3室2厅东南/东北 105.00㎡ 东南东北 3室2厅2卫,西城六铺炕德外大街12号院
整租·爱这城一期1室1厅东 66.00㎡ 东 1室1厅1卫,朝阳四惠爱这城一期
整租·IDCITY艾迪城3房间西 65.00㎡ 西 3房间2卫,顺义后沙峪IDCITY艾迪城
整租·农光里2室1厅南/北 62.36㎡ 南北 2室1厅1卫,朝阳劲松农光里
整租·碧水云天3室2厅西 150.00㎡ 西 3室2厅2卫,海淀万柳碧水云天
整租·和平新城一期2室2厅东/南/北 126.38㎡ 东南北 2室2厅2卫,东城和平里和平新城一期
整租·公庄小区3室2厅南/北 118.65㎡ 南北 3室2厅2卫,通州梨园公庄小区
整租·首开保利熙悦林语3室1厅南/北 138.00㎡ 南北 3室1厅1卫,大兴瀛海首开保利熙悦林语
整租·兴海家园星苑2室1厅南/北 77.99㎡ 南北 2室1厅1卫,大兴西红门兴海家园星苑
整租·瞰都国际1室0厅西北 60.41㎡ 西北 1室0厅1卫,朝阳朝阳公园瞰都国际
整租·双榆树北路2室1厅南/北 99.00㎡ 南北 2室1厅1卫,海淀双榆树双榆树北路
整租·裕龙六区3室1厅南/北 118.00㎡ 南北 3室1厅2卫,顺义顺义城裕龙六区
整租·富力城D区3室2厅南/北 178.00㎡ 南北 3室2厅2卫,朝阳双井富力城D区
整租·苹果汇3房间西/北 80.00㎡ 西北 3房间1卫,石景山苹果园苹果汇
整租·丰益花园东区2室1厅北 91.66㎡ 北 2室1厅1卫,丰台丽泽丰益花园东区
整租·金茂府北区4室2厅南/北 237.00㎡ 南北 4室2厅2卫,朝阳大望路金茂府北区
整租·卢沟桥南里2室1厅南/北 65.00㎡ 南北 2室1厅1卫,丰台卢沟桥卢沟桥南里
整租·益明园2室1厅南/北 91.42㎡ 南北 2室1厅1卫,丰台马家堡益明园
整租·中粮祥云国际生活区2室2厅南/北 116.00㎡ 南北 2室2厅2卫,顺义后沙峪中粮祥云国际生活区
整租·望京花园西区2室1厅东南 80.00㎡ 东南 2室1厅1卫,朝阳望京望京花园西区
整租·潘家坡胡同4号院3室1厅南/北 69.30㎡ 南北 3室1厅1卫,东城朝阳门外潘家坡胡同4号院
整租·新城国际1室1厅东北 88.00㎡ 东北 1室1厅1卫,朝阳东大桥新城国际
整租·中粮祥云国际生活区2室1厅南/北 114.00㎡ 南北 2室1厅1卫,顺义后沙峪中粮祥云国际生活区
整租·远洋新干线3室1厅西/北 133.00㎡ 西北 3室1厅1卫,朝阳燕莎远洋新干线
整租·远洋天地二期5室3厅南/北 190.84㎡ 南北 5室3厅3卫,朝阳四惠远洋天地二期
整租·世安家园2室2厅南 117.00㎡ 南 2室2厅1卫,朝阳望京世安家园
整租·碧湖居2室1厅东/北 100.50㎡ 东北 2室1厅1卫,朝阳农展馆碧湖居
整租·乐成公馆3室1厅南/北 195.00㎡ 南北 3室1厅2卫,朝阳大望路乐成公馆
整租·苗圃宿舍家属楼1室1厅南/北 37.47㎡ 南北 1室1厅1卫,海淀五棵松苗圃宿舍家属楼
整租·上林世家2室2厅南/北 178.91㎡ 南北 2室2厅2卫,朝阳奥林匹克公园上林世家
整租·育龙馨居2室1厅南/北 75.00㎡ 南北 2室1厅1卫,怀柔怀柔育龙馨居
整租·东土城路9号院2室1厅东/西 52.04㎡ 东西 2室1厅1卫,朝阳和平里东土城路9号院
整租·阳光1003室2厅西南 145.00㎡ 西南 3室2厅2卫,朝阳CBD阳光100
整租·佑安府5室4厅南/北 450.00㎡ 南北 5室4厅4卫,丰台右安门外佑安府
整租·华贸城3室1厅东/南/北 108.00㎡ 东南北 3室1厅1卫,朝阳北苑华贸城
整租·安贞西里1室1厅南 35.75㎡ 南 1室1厅1卫,朝阳安贞安贞西里
整租·华悦国际公寓5室1厅南/北 354.00㎡ 南北 5室1厅1卫,朝阳亚运村华悦国际公寓
整租·江山赋3室2厅南/北 150.00㎡ 南北 3室2厅2卫,顺义后沙峪江山赋
整租·林肯公园5房间西南 220.00㎡ 西南 5房间3卫,亦庄开发区亦庄林肯公园
整租·模式口西里2室1厅东/南 60.00㎡ 东南 2室1厅1卫,石景山苹果园模式口西里
整租·清和园2室1厅南/北 72.00㎡ 南北 2室1厅1卫,大兴旧宫清和园
整租·荣尊堡国际俱乐部公寓3室2厅南/西南 204.85㎡ 南西南 3室2厅2卫,朝阳亚运村荣尊堡国际俱乐部公寓
整租·水关新村2室1厅南/北 93.00㎡ 南北 2室1厅1卫,昌平东关水关新村
整租·王府温馨公寓4室2厅复式南/北 191.00㎡ 南北 4室2厅3卫,昌平北七家王府温馨公寓
整租·马连洼北路1号院2室1厅南/北 56.00㎡ 南北 2室1厅1卫,海淀上地马连洼北路1号院
整租·加气混凝土厂宿舍3室1厅南/北 64.00㎡ 南北 3室1厅1卫,海淀清河加气混凝土厂宿舍
整租·中铁翰庭3室2厅南/北 120.00㎡ 南北 3室2厅2卫,海淀学院路中铁翰庭
整租·德胜置业2室1厅北 95.19㎡ 北 2室1厅1卫,西城六铺炕德胜置业
整租·太平小区3室1厅南/北 95.00㎡ 南北 3室1厅1卫,顺义顺义城太平小区
整租·太月园2室1厅南 97.00㎡ 南 2室1厅1卫,海淀知春路太月园
整租·鹭峯国际3房间南 95.00㎡ 南 3房间1卫,顺义顺义其它鹭峯国际
整租·紫金新干线2室1厅南 83.00㎡ 南 2室1厅1卫,昌平霍营紫金新干线
整租·LOFTEL3室1厅南/北 179.00㎡ 南北 3室1厅2卫,朝阳望京LOFTEL
整租·上京新航线3室2厅南/北 139.40㎡ 南北 3室2厅2卫,朝阳望京上京新航线
整租·荣京丽都1房间东 34.12㎡ 东 1房间1卫,亦庄开发区亦庄荣京丽都
整租·五月华庭2室1厅南 61.82㎡ 南 2室1厅1卫,海淀小西天五月华庭
整租·硅谷SOHO2房间南/北 70.00㎡ 南北 2房间1卫,昌平南邵硅谷SOHO
整租·华远澜悦3房间东 73.55㎡ 东 3房间1卫,密云密云镇华远澜悦
整租·东方太阳城富春园6室2厅复式南/北 316.18㎡ 南北 6室2厅4卫,顺义顺义其它东方太阳城富春园
整租·焦各庄街2号院2室1厅南/北 90.00㎡ 南北 2室1厅1卫,顺义顺义其它焦各庄街2号院
整租·金宝天阶2室1厅北 55.00㎡ 北 2室1厅1卫,顺义马坡金宝天阶
整租·长安6号2房间北 56.15㎡ 北 2房间1卫,朝阳建国门外长安6号
整租·保利海德公园2房间东北 55.20㎡ 东北 2房间1卫,海淀知春路保利海德公园
整租·清河文苑4室2厅东/北 163.40㎡ 东北 4室2厅2卫,海淀清河清河文苑
整租·世华龙樾一期西区1室1厅南 52.00㎡ 南 1室1厅1卫,海淀清河世华龙樾一期西区
整租·双榆树北里2室1厅南/北 61.00㎡ 南北 2室1厅1卫,海淀双榆树双榆树北里
整租·远洋山水3室2厅南/北 135.00㎡ 南北 3室2厅2卫,石景山鲁谷远洋山水
整租·菊园4室1厅南/西/北 104.30㎡ 南西北 4室1厅1卫,海淀马连洼菊园
整租·大山子北里3室1厅东南/西北 50.55㎡ 东南西北 3室1厅1卫,朝阳大山子大山子北里
整租·沁春家园2室1厅西北 109.00㎡ 西北 2室1厅1卫,海淀西三旗沁春家园
整租·酱油厂宿舍楼2室1厅南/北 61.00㎡ 南北 2室1厅1卫,海淀紫竹桥酱油厂宿舍楼
整租·林肯公园A区5房间东北 151.83㎡ 东北 5房间2卫,亦庄开发区亦庄林肯公园A区
整租·小黄庄一区2室1厅南 70.15㎡ 南 2室1厅1卫,东城安贞小黄庄一区
整租·豆瓣胡同2室1厅南 71.30㎡ 南 2室1厅1卫,东城朝阳门内豆瓣胡同
整租·萬橡悦府3室2厅南/西 89.00㎡ 南西 3室2厅2卫,昌平回龙观萬橡悦府
整租·西坝河北里202号院2室1厅南 74.09㎡ 南 2室1厅1卫,朝阳西坝河西坝河北里202号院
整租·正辰小区2室1厅南/西/北 92.00㎡ 南西北 2室1厅1卫,昌平天通苑正辰小区
整租·桥东街小区2室1厅南/北 55.26㎡ 南北 2室1厅1卫,门头沟城子桥东街小区
整租·国门智慧城3室1厅南 72.00㎡ 南 3室1厅2卫,顺义后沙峪国门智慧城
整租·翠竹新村2室1厅南/北 93.00㎡ 南北 2室1厅1卫,顺义中央别墅区翠竹新村
整租·鼎晟国际2室1厅西南 97.00㎡ 西南 2室1厅1卫,通州万达鼎晟国际
整租·凤凰城三期2室2厅东/南 128.56㎡ 东南 2室2厅2卫,朝阳三元桥凤凰城三期
整租·明天第一城6号院3房间南 79.35㎡ 南 3房间1卫,朝阳立水桥明天第一城6号院
整租·乐想汇2房间南 68.00㎡ 南 2房间1卫,朝阳北苑乐想汇
整租·明天第一城6号院3房间西南 79.00㎡ 西南 3房间1卫,朝阳立水桥明天第一城6号院
整租·中粮祥云国际生活区2房间南 54.08㎡ 南 2房间1卫,顺义后沙峪中粮祥云国际生活区
整租·远见名苑1室0厅西 57.27㎡ 西 1室0厅1卫,西城广安门远见名苑
整租·苹果社区北区0室2厅南 94.00㎡ 南 未知室2厅2卫,朝阳双井苹果社区北区
整租·美立方3房间西 57.00㎡ 西 3房间2卫,朝阳北苑美立方
整租·绿地启航国际南区2房间南 40.33㎡ 南 2房间1卫,顺义后沙峪绿地启航国际南区
整租·明天第一城8号院3房间南 80.00㎡ 南 3房间1卫,朝阳立水桥明天第一城8号院
整租·金地中央世家2房间南 45.00㎡ 南 2房间2卫,顺义后沙峪金地中央世家
整租·天恒世界集3房间北 57.04㎡ 北 3房间1卫,大兴高米店天恒世界集
整租·玲珑天地1房间西 44.00㎡ 西 1房间1卫,海淀定慧寺玲珑天地
整租·清澄名苑北区0室0厅东 65.00㎡ 东 未知室0厅1卫,大兴黄村中清澄名苑北区
整租·上地国际创业园3室1厅南/西 154.36㎡ 南西 3室1厅2卫,海淀上地上地国际创业园
整租·红石座2房间南 56.00㎡ 南 2房间0卫,昌平东关红石座
整租·东亚望京中心1房间东南/西南 39.95㎡ 东南西南 1房间1卫,朝阳望京东亚望京中心
整租·西海国际中心2房间西 55.10㎡ 西 2房间1卫,海淀苏州桥西海国际中心
整租·翼之城3房间南 71.90㎡ 南 3房间1卫,顺义顺义其它翼之城
整租·合生世界花园2房间东 58.00㎡ 东 2房间1卫,通州马驹桥合生世界花园
整租·茶贸国际中心1房间北 34.00㎡ 北 1房间1卫,西城马连道茶贸国际中心
整租·北京经开芯中心3房间南 116.82㎡ 南 3房间1卫,亦庄开发区亦庄北京经开芯中心
整租·甘露晴苑2室1厅东 86.00㎡ 东 2室1厅1卫,朝阳甘露园甘露晴苑
整租·FCC中央城3房间东 73.00㎡ 东 3房间1卫,房山长阳FCC中央城
整租·FCC中央城5房间西南 80.00㎡ 西南 5房间2卫,房山长阳FCC中央城
整租·香悦四季1房间南 42.00㎡ 南 1房间1卫,顺义马坡香悦四季
整租·广馨居2室1厅东北 60.00㎡ 东北 2室1厅1卫,朝阳双井广馨居
整租·中国铁建广场2房间北 57.15㎡ 北 2房间1卫,朝阳北苑中国铁建广场
整租·上奥世纪中心1房间东 46.53㎡ 东 1房间0卫,昌平西三旗上奥世纪中心
整租·天巢园1室1厅南 58.00㎡ 南 1室1厅1卫,昌平回龙观天巢园
整租·光彩国际公寓3室2厅东南 216.48㎡ 东南 3室2厅2卫,朝阳工体光彩国际公寓
整租·劲松五区1室1厅南 42.00㎡ 南 1室1厅1卫,朝阳劲松劲松五区
整租·和悦华锦3室1厅南/北 89.00㎡ 南北 3室1厅1卫,大兴亦庄开发区其它和悦华锦
整租·玲珑天地3房间南 83.00㎡ 南 3房间1卫,海淀定慧寺玲珑天地
整租·金地朗悦悦园3室1厅南/北 89.00㎡ 南北 3室1厅1卫,房山长阳金地朗悦悦园
整租·九龙花园2室1厅西南 90.75㎡ 西南 2室1厅1卫,朝阳双井九龙花园
整租·方恒偶寓2房间南 55.00㎡ 南 2房间1卫,丰台宋家庄方恒偶寓
整租·青年湖东里1室1厅南 41.00㎡ 南 1室1厅1卫,东城安定门青年湖东里
整租·gogo新世代1室1厅东 46.39㎡ 东 1室1厅1卫,丰台方庄gogo新世代
整租·梅市口路11号院2室1厅南/北 74.00㎡ 南北 2室1厅1卫,丰台岳各庄梅市口路11号院
整租·世纪金源国际公寓1室1厅西南 119.00㎡ 西南 1室1厅1卫,海淀世纪城世纪金源国际公寓
整租·滨湖南街小区3室2厅南/北 105.00㎡ 南北 3室2厅1卫,怀柔怀柔滨湖南街小区
整租·上北鑫座1房间西南 73.00㎡ 西南 1房间1卫,昌平回龙观上北鑫座
整租·馨莲茗园2室1厅北 68.00㎡ 北 2室1厅1卫,西城马连道馨莲茗园
整租·天翠园2室2厅南/北 116.00㎡ 南北 2室2厅2卫,朝阳奥林匹克公园天翠园
整租·杰座大厦1室1厅东 71.00㎡ 东 1室1厅1卫,朝阳工体杰座大厦
整租·后现代城C区2室1厅东南 110.00㎡ 东南 2室1厅1卫,朝阳大望路后现代城C区
整租·悠乐汇2房间南 55.00㎡ 南 2房间1卫,朝阳望京悠乐汇
整租·北京邮电大学1室1厅南 33.15㎡ 南 1室1厅1卫,海淀小西天北京邮电大学
整租·中关村公馆1室1厅东 42.53㎡ 东 1室1厅1卫,海淀苏州桥中关村公馆
整租·三里屯东2室1厅东/西 60.19㎡ 东西 2室1厅1卫,朝阳三里屯三里屯东
整租·正邦嘉园二期1室1厅东 80.00㎡ 东 1室1厅1卫,丰台刘家窑正邦嘉园二期
整租·博泰国际3室0厅南/北 163.00㎡ 南北 3室0厅0卫,朝阳望京博泰国际
整租·莱圳家园2室1厅南 66.00㎡ 南 2室1厅1卫,海淀清河莱圳家园
整租·光大水墨风景2室1厅南/北 120.00㎡ 南北 2室1厅1卫,海淀万柳光大水墨风景
整租·首开熙悦广场3房间西 64.00㎡ 西 3房间1卫,房山长阳首开熙悦广场
整租·宏大中园3室1厅南/北 148.58㎡ 南北 3室1厅2卫,大兴西红门宏大中园
整租·新外大街6号院1室1厅南 38.70㎡ 南 1室1厅1卫,西城马甸新外大街6号院
整租·胜古南里2室1厅南/北 59.00㎡ 南北 2室1厅1卫,朝阳惠新西街胜古南里
整租·桃园公寓4室2厅东/西 140.96㎡ 东西 4室2厅2卫,昌平北七家桃园公寓
